201126 , "Rolling in the Deep" , "Adele" , 3:46 , 1 , 206 , "Melbourne" , "Australia"
201126 , "Holocene" , "Bon Iver" , 5:32 , 2 , 202 , "Melbourne" , "Australia"
201126 , "Perth" , "Bon Iver" , 4:21 , 3 , 201 , "Melbourne" , "Australia"
201126 , "Calgary" , "Bon Iver" , 4:09 , 4 , 193 , "Melbourne" , "Australia"
201126 , "Towers" , "Bon Iver" , 3:05 , 5 , 191 , "Melbourne" , "Australia"
201126 , "Minnesota, WI" , "Bon Iver" , 3:48 , 6 , 187 , "Melbourne" , "Australia"
201126 , "Michicant" , "Bon Iver" , 3:42 , 7 , 184 , "Melbourne" , "Australia"
201126 , "Hinnom, TX" , "Bon Iver" , 2:44 , 8 , 178 , "Melbourne" , "Australia"
201126 , "Wash." , "Bon Iver" , 4:48 , 9 , 176 , "Melbourne" , "Australia"
201126 , "Someone Like You" , "Adele" , 4:44 , 10 , 169 , "Melbourne" , "Australia"
201126 , "Lisbon, OH" , "Bon Iver" , 1:33 , 11 , 168 , "Melbourne" , "Australia"
201126 , "Skinny Love" , "Bon Iver" , 3:57 , 12 , 128 , "Melbourne" , "Australia"
201126 , "Set Fire to the Rain" , "Adele" , 4:01 , 13 , 120 , "Melbourne" , "Australia"
201126 , "Beth / Rest" , "Bon Iver" , 5:16 , 14 , 109 , "Melbourne" , "Australia"
201126 , "Flume" , "Bon Iver" , 3:33 , 15 , 109 , "Melbourne" , "Australia"
201126 , "The Suburbs" , "Arcade Fire" , 5:14 , 16 , 93 , "Melbourne" , "Australia"
201126 , "Lump Sum" , "Bon Iver" , 3:20 , 17 , 91 , "Melbourne" , "Australia"
201126 , "Pumped Up Kicks" , "Foster the People" , 4:00 , 18 , 91 , "Melbourne" , "Australia"
201126 , "Don't You Remember" , "Adele" , 4:03 , 19 , 87 , "Melbourne" , "Australia"
201126 , "Blindsided" , "Bon Iver" , 5:28 , 20 , 86 , "Melbourne" , "Australia"
201126 , "Perth" , "Bon Iver" , 4:21 , 1 , 64 , "Adelaide" , "Australia"
201126 , "Towers" , "Bon Iver" , 3:05 , 2 , 60 , "Adelaide" , "Australia"
201126 , "Calgary" , "Bon Iver" , 4:09 , 3 , 60 , "Adelaide" , "Australia"
201126 , "Minnesota, WI" , "Bon Iver" , 3:48 , 4 , 59 , "Adelaide" , "Australia"
201126 , "Holocene" , "Bon Iver" , 5:32 , 5 , 58 , "Adelaide" , "Australia"
201126 , "Rolling in the Deep" , "Adele" , 3:46 , 6 , 53 , "Adelaide" , "Australia"
201126 , "Michicant" , "Bon Iver" , 3:42 , 7 , 52 , "Adelaide" , "Australia"
201126 , "Lisbon, OH" , "Bon Iver" , 1:33 , 8 , 51 , "Adelaide" , "Australia"
201126 , "Hinnom, TX" , "Bon Iver" , 2:44 , 9 , 51 , "Adelaide" , "Australia"
201126 , "Wash." , "Bon Iver" , 4:48 , 10 , 49 , "Adelaide" , "Australia"
201126 , "Skinny Love" , "Bon Iver" , 3:57 , 11 , 45 , "Adelaide" , "Australia"
201126 , "Flume" , "Bon Iver" , 3:33 , 12 , 39 , "Adelaide" , "Australia"
201126 , "Lump Sum" , "Bon Iver" , 3:20 , 13 , 37 , "Adelaide" , "Australia"
201126 , "Someone Like You" , "Adele" , 4:44 , 14 , 36 , "Adelaide" , "Australia"
201126 , "All of the Lights" , "Kanye West" , 5:00 , 15 , 35 , "Adelaide" , "Australia"
201126 , "Beth / Rest" , "Bon Iver" , 5:16 , 16 , 34 , "Adelaide" , "Australia"
201126 , "For Emma" , "Bon Iver" , 3:39 , 17 , 34 , "Adelaide" , "Australia"
201126 , "The Wolves (Act I and II)" , "Bon Iver" , 5:20 , 18 , 32 , "Adelaide" , "Australia"
201126 , "Scary Monsters And Nice Sprites" , "Skrillex" , 3:17 , 19 , 32 , "Adelaide" , "Australia"
201126 , "Power" , "Kanye West" , 4:52 , 20 , 31 , "Adelaide" , "Australia"
201126 , "Perth" , "Bon Iver" , 4:21 , 1 , 245 , "Sydney" , "Australia"
201126 , "Calgary" , "Bon Iver" , 4:09 , 2 , 222 , "Sydney" , "Australia"
201126 , "Holocene" , "Bon Iver" , 5:32 , 3 , 221 , "Sydney" , "Australia"
201126 , "Minnesota, WI" , "Bon Iver" , 3:48 , 4 , 217 , "Sydney" , "Australia"
201126 , "Towers" , "Bon Iver" , 3:05 , 5 , 212 , "Sydney" , "Australia"
201126 , "Michicant" , "Bon Iver" , 3:42 , 6 , 208 , "Sydney" , "Australia"
201126 , "Hinnom, TX" , "Bon Iver" , 2:44 , 7 , 197 , "Sydney" , "Australia"
201126 , "Rolling in the Deep" , "Adele" , 3:46 , 8 , 190 , "Sydney" , "Australia"
201126 , "Lisbon, OH" , "Bon Iver" , 1:33 , 9 , 188 , "Sydney" , "Australia"
201126 , "Wash." , "Bon Iver" , 4:48 , 10 , 187 , "Sydney" , "Australia"
201126 , "Someone Like You" , "Adele" , 4:44 , 11 , 161 , "Sydney" , "Australia"
201126 , "Skinny Love" , "Bon Iver" , 3:57 , 12 , 141 , "Sydney" , "Australia"
201126 , "Flume" , "Bon Iver" , 3:33 , 13 , 117 , "Sydney" , "Australia"
201126 , "Judas" , "Lady Gaga" , 4:12 , 14 , 109 , "Sydney" , "Australia"
201126 , "Set Fire to the Rain" , "Adele" , 4:01 , 15 , 105 , "Sydney" , "Australia"
201126 , "Lump Sum" , "Bon Iver" , 3:20 , 16 , 105 , "Sydney" , "Australia"
201126 , "Beth / Rest" , "Bon Iver" , 5:16 , 17 , 103 , "Sydney" , "Australia"
201126 , "For Emma" , "Bon Iver" , 3:39 , 18 , 103 , "Sydney" , "Australia"
201126 , "Pumped Up Kicks" , "Foster the People" , 4:00 , 19 , 99 , "Sydney" , "Australia"
201126 , "Ready To Start" , "Arcade Fire" , 4:14 , 20 , 95 , "Sydney" , "Australia"
201126 , "Party Rock Anthem" , "LMFAO" , 4:22 , 1 , 8 , "Linz" , "Austria"
201126 , "Still Waiting" , "Sum 41" , 2:39 , 2 , 7 , "Linz" , "Austria"
201126 , "Shark Attack" , "Limp Bizkit" , 3:27 , 3 , 7 , "Linz" , "Austria"
201126 , "Watercolour" , "Pendulum" , 3:30 , 4 , 7 , "Linz" , "Austria"
201126 , "Introbra" , "Limp Bizkit" , 1:20 , 5 , 7 , "Linz" , "Austria"
201126 , "She Moves In Her Own Way" , "The Kooks" , 2:49 , 6 , 6 , "Linz" , "Austria"
201126 , "Islands" , "The xx" , 2:41 , 7 , 6 , "Linz" , "Austria"
201126 , "Still Counting" , "Volbeat" , 4:22 , 8 , 6 , "Linz" , "Austria"
201126 , "Sofa Song" , "The Kooks" , 2:13 , 9 , 6 , "Linz" , "Austria"
201126 , "Skinny Love" , "Bon Iver" , 3:57 , 10 , 6 , "Linz" , "Austria"
201126 , "Rolling in the Deep" , "Adele" , 3:46 , 11 , 6 , "Linz" , "Austria"
201126 , "See The Sun" , "The Kooks" , 3:35 , 12 , 6 , "Linz" , "Austria"
201126 , "Warriors Dance" , "The Prodigy" , 2:54 , 13 , 6 , "Linz" , "Austria"
201126 , "Till the World Ends" , "Britney Spears" , 3:58 , 14 , 6 , "Linz" , "Austria"
201126 , "Bring it Back" , "Limp Bizkit" , 2:17 , 15 , 6 , "Linz" , "Austria"
201126 , "Gold Cobra" , "Limp Bizkit" , 3:54 , 16 , 6 , "Linz" , "Austria"
201126 , "Kryptonite" , "3 Doors Down" , 3:52 , 17 , 6 , "Linz" , "Austria"
201126 , "Rammlied" , "Rammstein" , 5:18 , 18 , 5 , "Linz" , "Austria"
201126 , "Heart Skipped a Beat" , "The xx" , 4:02 , 19 , 5 , "Linz" , "Austria"
201126 , "Dear Rosemary" , "Foo Fighters" , 4:25 , 20 , 5 , "Linz" , "Austria"
201126 , "Ready To Start" , "Arcade Fire" , 4:14 , 1 , 13 , "Graz" , "Austria"
201126 , "Deliver Us" , "In Flames" , 3:30 , 2 , 12 , "Graz" , "Austria"
201126 , "Intro" , "The xx" , 2:05 , 3 , 11 , "Graz" , "Austria"
201126 , "Crystalised" , "The xx" , 3:22 , 4 , 11 , "Graz" , "Austria"
201126 , "Fear is the Weakness" , "In Flames" , 4:05 , 5 , 11 , "Graz" , "Austria"
201126 , "Rococo" , "Arcade Fire" , 3:57 , 6 , 10 , "Graz" , "Austria"
201126 , "Suburban War" , "Arcade Fire" , 4:40 , 7 , 10 , "Graz" , "Austria"
201126 , "The Attic" , "In Flames" , 3:16 , 8 , 10 , "Graz" , "Austria"
201126 , "Empty Room" , "Arcade Fire" , 2:51 , 9 , 10 , "Graz" , "Austria"
201126 , "Enter Tragedy" , "In Flames" , 3:58 , 10 , 10 , "Graz" , "Austria"
201126 , "Clocks" , "Coldplay" , 4:10 , 11 , 10 , "Graz" , "Austria"
201126 , "Chop Suey!" , "System of a Down" , 3:31 , 12 , 10 , "Graz" , "Austria"
201126 , "2 Hearts" , "Digitalism" , 3:57 , 13 , 10 , "Graz" , "Austria"
201126 , "Ropes" , "In Flames" , 3:43 , 14 , 10 , "Graz" , "Austria"
201126 , "Darker Times" , "In Flames" , 3:24 , 15 , 10 , "Graz" , "Austria"
201126 , "Islands" , "The xx" , 2:41 , 16 , 10 , "Graz" , "Austria"
201126 , "Sounds of a Playground Fading" , "In Flames" , 4:43 , 17 , 10 , "Graz" , "Austria"
201126 , "Still Counting" , "Volbeat" , 4:22 , 18 , 9 , "Graz" , "Austria"
201126 , "Where the Dead Ships Dwell" , "In Flames" , 4:25 , 19 , 9 , "Graz" , "Austria"
201126 , "All For Me" , "In Flames" , 4:30 , 20 , 9 , "Graz" , "Austria"
201126 , "Calgary" , "Bon Iver" , 4:09 , 1 , 76 , "Vienna" , "Austria"
201126 , "The Suburbs" , "Arcade Fire" , 5:14 , 2 , 74 , "Vienna" , "Austria"
201126 , "Perth" , "Bon Iver" , 4:21 , 3 , 73 , "Vienna" , "Austria"
201126 , "Minnesota, WI" , "Bon Iver" , 3:48 , 4 , 71 , "Vienna" , "Austria"
201126 , "Holocene" , "Bon Iver" , 5:32 , 5 , 69 , "Vienna" , "Austria"
201126 , "Ready To Start" , "Arcade Fire" , 4:14 , 6 , 68 , "Vienna" , "Austria"
201126 , "Michicant" , "Bon Iver" , 3:42 , 7 , 65 , "Vienna" , "Austria"
201126 , "Towers" , "Bon Iver" , 3:05 , 8 , 63 , "Vienna" , "Austria"
201126 , "Hinnom, TX" , "Bon Iver" , 2:44 , 9 , 61 , "Vienna" , "Austria"
201126 , "We Used to Wait" , "Arcade Fire" , 5:01 , 10 , 58 , "Vienna" , "Austria"
201126 , "Rococo" , "Arcade Fire" , 3:57 , 11 , 56 , "Vienna" , "Austria"
201126 , "Modern Man" , "Arcade Fire" , 4:40 , 12 , 56 , "Vienna" , "Austria"
201126 , "Rolling in the Deep" , "Adele" , 3:46 , 13 , 55 , "Vienna" , "Austria"
201126 , "Crystalised" , "The xx" , 3:22 , 14 , 55 , "Vienna" , "Austria"
201126 , "Sprawl II (Mountains Beyond Mountains)" , "Arcade Fire" , 5:17 , 15 , 55 , "Vienna" , "Austria"
201126 , "Lisbon, OH" , "Bon Iver" , 1:33 , 16 , 53 , "Vienna" , "Austria"
201126 , "Wash." , "Bon Iver" , 4:48 , 17 , 52 , "Vienna" , "Austria"
201126 , "Month of May" , "Arcade Fire" , 3:59 , 18 , 51 , "Vienna" , "Austria"
201126 , "Empty Room" , "Arcade Fire" , 2:51 , 19 , 49 , "Vienna" , "Austria"
201126 , "Islands" , "The xx" , 2:41 , 20 , 48 , "Vienna" , "Austria"
201126 , "Stratosphere" , "Digitalism" , 3:00 , 1 , 4 , "Salzburg" , "Austria"
201126 , "Fix You" , "Coldplay" , 4:57 , 2 , 4 , "Salzburg" , "Austria"
201126 , "VCR" , "The xx" , 2:56 , 3 , 3 , "Salzburg" , "Austria"
201126 , "Only Time" , "Enya" , 3:36 , 4 , 3 , "Salzburg" , "Austria"
201126 , "Fear of the Dark [Live]" , "Iron Maiden" , 7:23 , 5 , 3 , "Salzburg" , "Austria"
201126 , "Wish You Were Here" , "Pink Floyd" , 4:40 , 6 , 3 , "Salzburg" , "Austria"
201126 , "Overture" , "Daft Punk" , 2:28 , 7 , 3 , "Salzburg" , "Austria"
201126 , "Rope" , "Foo Fighters" , 4:18 , 8 , 3 , "Salzburg" , "Austria"
201126 , "Psycho" , "System of a Down" , 3:45 , 9 , 3 , "Salzburg" , "Austria"
201126 , "More Than A Feeling" , "Boston" , 3:13 , 10 , 3 , "Salzburg" , "Austria"
201126 , "Toxicity" , "System of a Down" , 4:46 , 11 , 3 , "Salzburg" , "Austria"
201126 , "End of Line" , "Daft Punk" , 2:36 , 12 , 3 , "Salzburg" , "Austria"
201126 , "Thanks" , "Volbeat" , 3:42 , 13 , 3 , "Salzburg" , "Austria"
201126 , "Circles" , "Digitalism" , 3:46 , 14 , 3 , "Salzburg" , "Austria"
201126 , "The Son of Flynn" , "Daft Punk" , 1:35 , 15 , 3 , "Salzburg" , "Austria"
201126 , "Wonderwall" , "Oasis" , 4:18 , 16 , 3 , "Salzburg" , "Austria"
201126 , "Never Miss A Beat" , "Kaiser Chiefs" , 3:07 , 17 , 3 , "Salzburg" , "Austria"
201126 , "My Hero" , "Foo Fighters" , 4:20 , 18 , 3 , "Salzburg" , "Austria"
201126 , "Alors On Danse" , "Stromae" , 3:28 , 19 , 3 , "Salzburg" , "Austria"
201126 , "Little Sister" , "Queens of the Stone Age" , 2:54 , 20 , 3 , "Salzburg" , "Austria"
201126 , "Young Blood" , "The Naked and Famous" , 4:07 , 1 , 8 , "Innsbruck" , "Austria"
201126 , "Kids" , "MGMT" , 5:03 , 2 , 6 , "Innsbruck" , "Austria"
201126 , "Sorrow" , "The National" , 3:25 , 3 , 5 , "Innsbruck" , "Austria"
201126 , "She Moves In Her Own Way" , "The Kooks" , 2:49 , 4 , 5 , "Innsbruck" , "Austria"
201126 , "Resistance" , "Muse" , 5:45 , 5 , 5 , "Innsbruck" , "Austria"
201126 , "Set Fire to the Rain" , "Adele" , 4:01 , 6 , 5 , "Innsbruck" , "Austria"
201126 , "We Are The People" , "Empire of the Sun" , 4:29 , 7 , 5 , "Innsbruck" , "Austria"
201126 , "Something" , "The Beatles" , 3:30 , 8 , 5 , "Innsbruck" , "Austria"
201126 , "Little Lion Man" , "Mumford &amp; Sons" , 4:16 , 9 , 5 , "Innsbruck" , "Austria"
201126 , "Supermassive Black Hole" , "Muse" , 3:30 , 10 , 5 , "Innsbruck" , "Austria"
201126 , "Something Good Can Work" , "Two Door Cinema Club" , 2:44 , 11 , 5 , "Innsbruck" , "Austria"
201126 , "Perth" , "Bon Iver" , 4:21 , 12 , 4 , "Innsbruck" , "Austria"
201126 , "Born This Way" , "Lady Gaga" , 4:20 , 13 , 4 , "Innsbruck" , "Austria"
201126 , "Clocks" , "Coldplay" , 4:10 , 14 , 4 , "Innsbruck" , "Austria"
201126 , "Give Up the Ghost" , "Radiohead" , 4:50 , 15 , 4 , "Innsbruck" , "Austria"
201126 , "Time" , "Pink Floyd" , 7:03 , 16 , 4 , "Innsbruck" , "Austria"
201126 , "Minnesota, WI" , "Bon Iver" , 3:48 , 17 , 4 , "Innsbruck" , "Austria"
201126 , "Uprising" , "Muse" , 3:35 , 18 , 4 , "Innsbruck" , "Austria"
201126 , "I Can Talk" , "Two Door Cinema Club" , 2:58 , 19 , 4 , "Innsbruck" , "Austria"
201126 , "Yesterday" , "The Beatles" , 2:03 , 20 , 4 , "Innsbruck" , "Austria"
201126 , "Gold Cobra" , "Limp Bizkit" , 3:54 , 1 , 94 , "Minsk" , "Belarus"
201126 , "Bring it Back" , "Limp Bizkit" , 2:17 , 2 , 83 , "Minsk" , "Belarus"
201126 , "Shotgun" , "Limp Bizkit" , 4:33 , 3 , 77 , "Minsk" , "Belarus"
201126 , "Shark Attack" , "Limp Bizkit" , 3:27 , 4 , 76 , "Minsk" , "Belarus"
201126 , "Get a Life" , "Limp Bizkit" , 4:54 , 5 , 71 , "Minsk" , "Belarus"
201126 , "Walking Away" , "Limp Bizkit" , 4:46 , 6 , 71 , "Minsk" , "Belarus"
201126 , "Autotunage" , "Limp Bizkit" , 5:00 , 7 , 65 , "Minsk" , "Belarus"
201126 , "Douche Bag" , "Limp Bizkit" , 3:42 , 8 , 64 , "Minsk" , "Belarus"
201126 , "Loser" , "Limp Bizkit" , 4:54 , 9 , 62 , "Minsk" , "Belarus"
201126 , "90.2.10" , "Limp Bizkit" , 4:18 , 10 , 60 , "Minsk" , "Belarus"
201126 , "Why Try" , "Limp Bizkit" , 2:51 , 11 , 60 , "Minsk" , "Belarus"
201126 , "Introbra" , "Limp Bizkit" , 1:20 , 12 , 59 , "Minsk" , "Belarus"
201126 , "Я верю" , "Ляпис Трубецкой" , 3:07 , 13 , 57 , "Minsk" , "Belarus"
201126 , "Killer In You" , "Limp Bizkit" , 3:46 , 14 , 54 , "Minsk" , "Belarus"
201126 , "Грай" , "Ляпис Трубецкой" , 4:11 , 15 , 49 , "Minsk" , "Belarus"
201126 , "Африка" , "Ляпис Трубецкой" , 3:56 , 16 , 43 , "Minsk" , "Belarus"
201126 , "Нафта" , "Ляпис Трубецкой" , 2:58 , 17 , 42 , "Minsk" , "Belarus"
201126 , "Зевс" , "Ляпис Трубецкой" , 3:22 , 18 , 40 , "Minsk" , "Belarus"
201126 , "Принцесса" , "Ляпис Трубецкой" , 2:36 , 19 , 40 , "Minsk" , "Belarus"
201126 , "Зоопарк" , "Ляпис Трубецкой" , 2:38 , 20 , 38 , "Minsk" , "Belarus"
201126 , "No One Knows" , "Queens of the Stone Age" , 4:41 , 1 , 8 , "Liège" , "Belgium"
201126 , "Bloodbuzz Ohio" , "The National" , 4:10 , 2 , 6 , "Liège" , "Belgium"
201126 , "Perth" , "Bon Iver" , 4:21 , 3 , 6 , "Liège" , "Belgium"
201126 , "Judas" , "Lady Gaga" , 4:12 , 4 , 5 , "Liège" , "Belgium"
201126 , "Without Me" , "Eminem" , 4:47 , 5 , 5 , "Liège" , "Belgium"
201126 , "I Walk The Line" , "Johnny Cash" , 2:43 , 6 , 5 , "Liège" , "Belgium"
201126 , "Terrible Love" , "The National" , 4:39 , 7 , 5 , "Liège" , "Belgium"
201126 , "Nantes" , "Beirut" , 3:51 , 8 , 5 , "Liège" , "Belgium"
201126 , "Riverside" , "Agnes Obel" , 3:46 , 9 , 5 , "Liège" , "Belgium"
201126 , "England" , "The National" , 5:40 , 10 , 5 , "Liège" , "Belgium"
201126 , "Vanderlyle Crybaby Geeks" , "The National" , 4:11 , 11 , 5 , "Liège" , "Belgium"
201126 , "Towers" , "Bon Iver" , 3:05 , 12 , 4 , "Liège" , "Belgium"
201126 , "Basic Space" , "The xx" , 3:09 , 13 , 4 , "Liège" , "Belgium"
201126 , "15 Step" , "Radiohead" , 3:56 , 14 , 4 , "Liège" , "Belgium"
201126 , "Codex" , "Radiohead" , 4:47 , 15 , 4 , "Liège" , "Belgium"
201126 , "Trouble" , "Coldplay" , 4:29 , 16 , 4 , "Liège" , "Belgium"
201126 , "Little Faith" , "The National" , 4:37 , 17 , 4 , "Liège" , "Belgium"
201126 , "Close To Me" , "The Cure" , 3:39 , 18 , 4 , "Liège" , "Belgium"
201126 , "Sorry" , "Madonna" , 4:40 , 19 , 4 , "Liège" , "Belgium"
201126 , "On Melancholy Hill" , "Gorillaz" , 3:28 , 20 , 4 , "Liège" , "Belgium"
201126 , "Perth" , "Bon Iver" , 4:21 , 1 , 48 , "Brussels" , "Belgium"
201126 , "Holocene" , "Bon Iver" , 5:32 , 2 , 45 , "Brussels" , "Belgium"
201126 , "Towers" , "Bon Iver" , 3:05 , 3 , 44 , "Brussels" , "Belgium"
201126 , "Calgary" , "Bon Iver" , 4:09 , 4 , 43 , "Brussels" , "Belgium"
201126 , "Rolling in the Deep" , "Adele" , 3:46 , 5 , 42 , "Brussels" , "Belgium"
201126 , "Minnesota, WI" , "Bon Iver" , 3:48 , 6 , 41 , "Brussels" , "Belgium"
201126 , "Hinnom, TX" , "Bon Iver" , 2:44 , 7 , 40 , "Brussels" , "Belgium"
201126 , "Riverside" , "Agnes Obel" , 3:46 , 8 , 39 , "Brussels" , "Belgium"
201126 , "Don't Sit Down 'Cause I've Moved Your Chair" , "Arctic Monkeys" , 3:03 , 9 , 37 , "Brussels" , "Belgium"
201126 , "Michicant" , "Bon Iver" , 3:42 , 10 , 37 , "Brussels" , "Belgium"
201126 , "Lisbon, OH" , "Bon Iver" , 1:33 , 11 , 36 , "Brussels" , "Belgium"
201126 , "Ready To Start" , "Arcade Fire" , 4:14 , 12 , 36 , "Brussels" , "Belgium"
201126 , "Wash." , "Bon Iver" , 4:48 , 13 , 35 , "Brussels" , "Belgium"
201126 , "The Suburbs" , "Arcade Fire" , 5:14 , 14 , 34 , "Brussels" , "Belgium"
201126 , "Bloodbuzz Ohio" , "The National" , 4:10 , 15 , 33 , "Brussels" , "Belgium"
201126 , "Set Fire to the Rain" , "Adele" , 4:01 , 16 , 33 , "Brussels" , "Belgium"
201126 , "Modern Man" , "Arcade Fire" , 4:40 , 17 , 32 , "Brussels" , "Belgium"
201126 , "All My Own Stunts" , "Arctic Monkeys" , 3:52 , 18 , 31 , "Brussels" , "Belgium"
201126 , "Terrible Love" , "The National" , 4:39 , 19 , 31 , "Brussels" , "Belgium"
201126 , "City With No Children" , "Arcade Fire" , 3:12 , 20 , 30 , "Brussels" , "Belgium"
201126 , "Riverside" , "Agnes Obel" , 3:46 , 1 , 15 , "Antwerp" , "Belgium"
201126 , "Calgary" , "Bon Iver" , 4:09 , 2 , 11 , "Antwerp" , "Belgium"
201126 , "Holocene" , "Bon Iver" , 5:32 , 3 , 10 , "Antwerp" , "Belgium"
201126 , "Perth" , "Bon Iver" , 4:21 , 4 , 10 , "Antwerp" , "Belgium"
201126 , "Michicant" , "Bon Iver" , 3:42 , 5 , 10 , "Antwerp" , "Belgium"
201126 , "Beast" , "Agnes Obel" , 3:49 , 6 , 9 , "Antwerp" , "Belgium"
201126 , "Wash." , "Bon Iver" , 4:48 , 7 , 9 , "Antwerp" , "Belgium"
201126 , "Minnesota, WI" , "Bon Iver" , 3:48 , 8 , 9 , "Antwerp" , "Belgium"
201126 , "Hinnom, TX" , "Bon Iver" , 2:44 , 9 , 9 , "Antwerp" , "Belgium"
201126 , "Towers" , "Bon Iver" , 3:05 , 10 , 9 , "Antwerp" , "Belgium"
201126 , "Brother Sparrow" , "Agnes Obel" , 3:58 , 11 , 8 , "Antwerp" , "Belgium"
201126 , "Rolling in the Deep" , "Adele" , 3:46 , 12 , 8 , "Antwerp" , "Belgium"
201126 , "Just So" , "Agnes Obel" , 3:34 , 13 , 8 , "Antwerp" , "Belgium"
201126 , "Lisbon, OH" , "Bon Iver" , 1:33 , 14 , 8 , "Antwerp" , "Belgium"
201126 , "Bongo Bong" , "Manu Chao" , 2:52 , 15 , 7 , "Antwerp" , "Belgium"
201126 , "House of Cards" , "Radiohead" , 5:27 , 16 , 6 , "Antwerp" , "Belgium"
201126 , "Fake Empire" , "The National" , 3:23 , 17 , 6 , "Antwerp" , "Belgium"
201126 , "Crystalised" , "The xx" , 3:22 , 18 , 6 , "Antwerp" , "Belgium"
201126 , "Louretta" , "Agnes Obel" , 2:04 , 19 , 6 , "Antwerp" , "Belgium"
201126 , "Come Together" , "The Beatles" , 4:18 , 1 , 4 , "Charleroi" , "Belgium"
201126 , "Let's Stay Together" , "Al Green" , 3:18 , 2 , 3 , "Charleroi" , "Belgium"
201126 , "Samson" , "Regina Spektor" , 3:09 , 3 , 3 , "Charleroi" , "Belgium"
201126 , "Yesterday" , "The Beatles" , 2:03 , 4 , 3 , "Charleroi" , "Belgium"
201126 , "Sir Duke" , "Stevie Wonder" , 3:52 , 5 , 3 , "Charleroi" , "Belgium"
201126 , "Hey Jude" , "The Beatles" , 4:19 , 6 , 2 , "Charleroi" , "Belgium"
201126 , "Aux Armes Et Caetera" , "Serge Gainsbourg" , 3:06 , 7 , 2 , "Charleroi" , "Belgium"
201126 , "Come and Get It" , "The Beatles" , 2:26 , 8 , 2 , "Charleroi" , "Belgium"
201126 , "Jeb Rand" , "Armistice" , 2:37 , 9 , 2 , "Charleroi" , "Belgium"
201126 , "Help!" , "The Beatles" , 2:18 , 10 , 2 , "Charleroi" , "Belgium"
201126 , "Maxwell's Silver Hammer" , "The Beatles" , 3:48 , 11 , 2 , "Charleroi" , "Belgium"
201126 , "La Décadanse (feat. Jane Birkin)" , "Serge Gainsbourg" , 5:14 , 12 , 2 , "Charleroi" , "Belgium"
201126 , "Rolling in the Deep" , "Adele" , 3:46 , 13 , 2 , "Charleroi" , "Belgium"
201126 , "Octopus's Garden" , "The Beatles" , 3:18 , 14 , 2 , "Charleroi" , "Belgium"
201126 , "Take Me Away" , "Chase &amp; Status" , 4:27 , 15 , 2 , "Charleroi" , "Belgium"
201126 , "Love On The Beat" , "Serge Gainsbourg" , 3:59 , 16 , 2 , "Charleroi" , "Belgium"
201126 , "Who Knew" , "Eminem" , 3:47 , 17 , 2 , "Charleroi" , "Belgium"
201126 , "Personal Jesus" , "Depeche Mode" , 4:54 , 18 , 2 , "Charleroi" , "Belgium"
201126 , "Dinosaur Act" , "Low" , 4:15 , 19 , 2 , "Charleroi" , "Belgium"
201126 , "Rebellion (Lies)" , "Arcade Fire" , 5:10 , 20 , 2 , "Charleroi" , "Belgium"
201126 , "Lisbon, OH" , "Bon Iver" , 1:33 , 1 , 5 , "Ghent" , "Belgium"
201126 , "Codex" , "Radiohead" , 4:47 , 2 , 5 , "Ghent" , "Belgium"
201126 , "Calgary" , "Bon Iver" , 4:09 , 3 , 5 , "Ghent" , "Belgium"
201126 , "Wilhelms scream" , "James Blake" , 4:35 , 4 , 5 , "Ghent" , "Belgium"
201126 , "Perth" , "Bon Iver" , 4:21 , 5 , 5 , "Ghent" , "Belgium"
201126 , "Minnesota, WI" , "Bon Iver" , 3:48 , 6 , 5 , "Ghent" , "Belgium"
201126 , "Two Weeks" , "Grizzly Bear" , 4:03 , 7 , 5 , "Ghent" , "Belgium"
201126 , "No One Knows" , "Queens of the Stone Age" , 4:41 , 8 , 5 , "Ghent" , "Belgium"
201126 , "Michicant" , "Bon Iver" , 3:42 , 9 , 5 , "Ghent" , "Belgium"
201126 , "Hinnom, TX" , "Bon Iver" , 2:44 , 10 , 5 , "Ghent" , "Belgium"
201126 , "Intervention" , "Arcade Fire" , 4:19 , 11 , 4 , "Ghent" , "Belgium"
201126 , "Separator" , "Radiohead" , 5:19 , 12 , 4 , "Ghent" , "Belgium"
201126 , "Flume" , "Bon Iver" , 3:33 , 13 , 4 , "Ghent" , "Belgium"
201126 , "Beth / Rest" , "Bon Iver" , 5:16 , 14 , 4 , "Ghent" , "Belgium"
201126 , "Holocene" , "Bon Iver" , 5:32 , 15 , 4 , "Ghent" , "Belgium"
201126 , "Riverside" , "Agnes Obel" , 3:46 , 16 , 4 , "Ghent" , "Belgium"
201126 , "Lotus Flower" , "Radiohead" , 5:00 , 17 , 4 , "Ghent" , "Belgium"
201126 , "Morning Mr Magpie" , "Radiohead" , 4:41 , 18 , 4 , "Ghent" , "Belgium"
201126 , "Crystalised" , "The xx" , 3:22 , 19 , 4 , "Ghent" , "Belgium"
201126 , "Lindesfarne I" , "James Blake" , 2:42 , 20 , 4 , "Ghent" , "Belgium"
201126 , "Rolling in the Deep" , "Adele" , 3:46 , 1 , 72 , "Belém" , "Brazil"
201126 , "Judas" , "Lady Gaga" , 4:12 , 2 , 45 , "Belém" , "Brazil"
201126 , "The Edge of Glory" , "Lady Gaga" , 5:21 , 3 , 42 , "Belém" , "Brazil"
201126 , "Set Fire to the Rain" , "Adele" , 4:01 , 4 , 42 , "Belém" , "Brazil"
201126 , "Till the World Ends" , "Britney Spears" , 3:58 , 5 , 41 , "Belém" , "Brazil"
201126 , "I Wanna Go" , "Britney Spears" , 3:30 , 6 , 40 , "Belém" , "Brazil"
201126 , "Last Friday Night (T.G.I.F.)" , "Katy Perry" , 3:52 , 7 , 36 , "Belém" , "Brazil"
201126 , "Someone Like You" , "Adele" , 4:44 , 8 , 33 , "Belém" , "Brazil"
201126 , "Born This Way" , "Lady Gaga" , 4:20 , 9 , 31 , "Belém" , "Brazil"
201126 , "Firework" , "Katy Perry" , 3:48 , 10 , 30 , "Belém" , "Brazil"
201126 , "Hair" , "Lady Gaga" , 5:08 , 11 , 28 , "Belém" , "Brazil"
201126 , "Turning Tables" , "Adele" , 4:10 , 12 , 28 , "Belém" , "Brazil"
201126 , "Hold It Against Me" , "Britney Spears" , 3:47 , 13 , 28 , "Belém" , "Brazil"
201126 , "Smile" , "Avril Lavigne" , 3:27 , 14 , 27 , "Belém" , "Brazil"
201126 , "Under Cover Of Darkness" , "The Strokes" , 3:54 , 15 , 26 , "Belém" , "Brazil"
201126 , "Don't You Remember" , "Adele" , 4:03 , 16 , 26 , "Belém" , "Brazil"
201126 , "Run the World (Girls)" , "Beyoncé" , 3:56 , 17 , 25 , "Belém" , "Brazil"
201126 , "Take It All" , "Adele" , 3:48 , 18 , 25 , "Belém" , "Brazil"
201126 , "Crying Lightning" , "Arctic Monkeys" , 3:41 , 19 , 25 , "Belém" , "Brazil"
201126 , "Bloody Mary" , "Lady Gaga" , 4:05 , 20 , 24 , "Belém" , "Brazil"
201126 , "Rolling in the Deep" , "Adele" , 3:46 , 1 , 155 , "Curitiba" , "Brazil"
201126 , "Judas" , "Lady Gaga" , 4:12 , 2 , 88 , "Curitiba" , "Brazil"
201126 , "Last Friday Night (T.G.I.F.)" , "Katy Perry" , 3:52 , 3 , 81 , "Curitiba" , "Brazil"
201126 , "Someone Like You" , "Adele" , 4:44 , 4 , 80 , "Curitiba" , "Brazil"
201126 , "Born This Way" , "Lady Gaga" , 4:20 , 5 , 77 , "Curitiba" , "Brazil"
201126 , "Set Fire to the Rain" , "Adele" , 4:01 , 6 , 76 , "Curitiba" , "Brazil"
201126 , "The Edge of Glory" , "Lady Gaga" , 5:21 , 7 , 76 , "Curitiba" , "Brazil"
201126 , "I Wanna Go" , "Britney Spears" , 3:30 , 8 , 71 , "Curitiba" , "Brazil"
201126 , "Till the World Ends" , "Britney Spears" , 3:58 , 9 , 71 , "Curitiba" , "Brazil"
201126 , "Wonderwall" , "Oasis" , 4:18 , 10 , 69 , "Curitiba" , "Brazil"
201126 , "Hair" , "Lady Gaga" , 5:08 , 11 , 66 , "Curitiba" , "Brazil"
201126 , "Under Cover Of Darkness" , "The Strokes" , 3:54 , 12 , 63 , "Curitiba" , "Brazil"
201126 , "Teenage Dream" , "Katy Perry" , 3:48 , 13 , 62 , "Curitiba" , "Brazil"
201126 , "Ame